<?xml version="1.0" encoding="UTF-8"?>
<project-private xmlns="http://www.netbeans.org/ns/project-private/1">
    <editor-bookmarks xmlns="http://www.netbeans.org/ns/editor-bookmarks/2" lastBookmarkId="0"/>
    <open-files xmlns="http://www.netbeans.org/ns/projectui-open-files/2">
        <group>
            <file>file:/C:/Users/Alex/Documents/GitHub/eiassignment/CustomerOrderSystem/src/java/model/Restaurant.java</file>
            <file>file:/C:/Users/Alex/Documents/GitHub/eiassignment/CustomerOrderSystem/src/java/utility/SOAPClient.java</file>
            <file>file:/C:/Users/Alex/Documents/GitHub/eiassignment/CustomerOrderSystem/web/template.jsp</file>
            <file>file:/C:/Users/Alex/Documents/GitHub/eiassignment/CustomerOrderSystem/src/java/utility/XMLParser.java</file>
            <file>file:/C:/Users/Alex/Documents/GitHub/eiassignment/CustomerOrderSystem/web/index.jsp</file>
            <file>file:/C:/Users/Alex/Documents/GitHub/eiassignment/CustomerOrderSystem/src/java/utility/EMSMessageSender.java</file>
            <file>file:/C:/Users/Alex/Documents/GitHub/eiassignment/CustomerOrderSystem/nbproject/build-impl.xml</file>
            <file>file:/C:/Users/Alex/Documents/GitHub/eiassignment/CustomerOrderSystem/web/listPackages.jsp</file>
            <file>file:/C:/Users/Alex/Documents/GitHub/eiassignment/CustomerOrderSystem/src/java/controller/RestaurantRetrievalController.java</file>
            <file>file:/C:/Users/Alex/Documents/GitHub/eiassignment/CustomerOrderSystem/src/java/model/Customer.java</file>
            <file>file:/C:/Users/Alex/Documents/GitHub/eiassignment/CustomerOrderSystem/src/java/controller/SendOrderController.java</file>
            <file>file:/C:/Users/Alex/Documents/GitHub/eiassignment/CustomerOrderSystem/web/META-INF/context.xml</file>
            <file>file:/C:/Users/Alex/Documents/GitHub/eiassignment/CustomerOrderSystem/src/java/model/Pkg.java</file>
            <file>file:/C:/Users/Alex/Documents/GitHub/eiassignment/CustomerOrderSystem/web/WEB-INF/web.xml</file>
            <file>file:/C:/Users/Alex/Documents/GitHub/eiassignment/CustomerOrderSystem/src/java/controller/OrderParsingController.java</file>
        </group>
    </open-files>
</project-private>
